{"bdv":[],"obj":[{"zivoty":20,"atk":15,"def":10.0,"nazev":"zaklenemy","bojuje":true,"pozice":{"x":-1.301025390625,"y":-15.65009880065918,"z":46.32705307006836},"jeNaTahu":false}],"hrDt":{"zivoty":-7,"atk":40,"def":0.0,"nazev":"Spg","pozice":{"x":-7.771572113037109,"y":-16.65009880065918,"z":32.8381462097168}},"sceneJm":"3d pokus2"}