{"bdv":[],"obj":[{"zivoty":20,"atk":12,"def":10.0,"nazev":"zaklEnemy","bojuje":false,"pozice":{"x":33.459999084472659,"y":-16.533390045166017,"z":41.0},"rotace":{"x":0.0,"y":180.0,"z":0.0},"jeNaTahu":false},{"zivoty":20,"atk":12,"def":10.0,"nazev":"zaklEnemy","bojuje":true,"pozice":{"x":-11.850715637207032,"y":-16.470001220703126,"z":54.210140228271487},"rotace":{"x":0.0,"y":179.29515075683595,"z":0.0},"jeNaTahu":false}],"hrDt":{"zivoty":0,"atk":25,"def":15.0,"nazev":"Spg","pozice":{"x":-11.600955963134766,"y":-17.898509979248048,"z":34.65972137451172},"rotace":{"x":0.0,"y":359.2707214355469,"z":0.0}},"sceneJm":"3d pokus2","pocetZivotu":-1,"pocetPointu":120,"timer":13.138720512390137}