{"bdv":[],"obj":[{"zivoty":-10,"atk":2,"def":0.0,"nazev":"zaklenemy","bojuje":true,"pozice":{"x":0.8494338989257813,"y":-15.65009880065918,"z":45.240379333496097},"jeNaTahu":true}],"hrDt":{"zivoty":25,"atk":20,"def":3.0,"nazev":"motor","pozice":{"x":4.550495147705078,"y":-15.880098342895508,"z":38.93875503540039}},"sceneJm":"3d pokus2"}