{"bdv":[],"obj":[{"zivoty":20,"atk":12,"def":10.0,"nazev":"zaklEnemy","bojuje":true,"pozice":{"x":29.810779571533204,"y":-14.04758071899414,"z":154.58102416992188},"rotace":{"x":0.0,"y":263.4658508300781,"z":0.0},"jeNaTahu":false},{"zivoty":20,"atk":12,"def":10.0,"nazev":"zaklEnemy","bojuje":false,"pozice":{"x":-11.8236083984375,"y":-12.863466262817383,"z":48.73139953613281},"rotace":{"x":0.0,"y":1.0,"z":0.0},"jeNaTahu":false}],"hrDt":{"zivoty":5,"atk":40,"def":15.0,"nazev":"Spg","pozice":{"x":8.81386947631836,"y":-13.323470115661621,"z":150.85153198242188},"rotace":{"x":0.0,"y":196.70974731445313,"z":0.0}},"sceneJm":"Forest","pocetZivotu":2,"pocetPointu":340,"timer":36.832359313964847}