{"bdv":[],"obj":[{"zivoty":20,"atk":12,"def":10.0,"nazev":"zaklEnemy","bojuje":false,"pozice":{"x":33.45999526977539,"y":-15.92326831817627,"z":41.0},"rotace":{"x":0.0,"y":180.0,"z":0.0},"jeNaTahu":true},{"zivoty":5,"atk":12,"def":5.0,"nazev":"zaklEnemy","bojuje":true,"pozice":{"x":-37.22615051269531,"y":-12.90766429901123,"z":36.03181457519531},"rotace":{"x":0.0,"y":279.48687744140627,"z":0.0},"jeNaTahu":false}],"hrDt":{"zivoty":0,"atk":40,"def":0.0,"nazev":"Spg","pozice":{"x":-51.6396484375,"y":-16.64727020263672,"z":39.52391052246094},"rotace":{"x":0.0,"y":5.62967586517334,"z":0.0}},"sceneJm":"3d pokus2","pocetZivotu":-1,"pocetPointu":200,"timer":60.55720901489258}