{"bdv":[],"obj":[{"zivoty":20,"atk":12,"def":12.5,"nazev":"zaklEnemy","bojuje":true,"pozice":{"x":-16.969402313232423,"y":-16.04421615600586,"z":36.72367858886719},"rotace":{"x":0.0,"y":234.45787048339845,"z":0.0},"jeNaTahu":true},{"zivoty":20,"atk":12,"def":10.0,"nazev":"zaklEnemy","bojuje":false,"pozice":{"x":36.3658332824707,"y":-16.16573715209961,"z":37.392578125},"rotace":{"x":0.0,"y":0.0,"z":0.0},"jeNaTahu":true},{"zivoty":20,"atk":12,"def":10.0,"nazev":"zaklEnemy","bojuje":false,"pozice":{"x":-14.107044219970704,"y":-16.05957794189453,"z":12.705862045288086},"rotace":{"x":0.0,"y":296.0,"z":0.0},"jeNaTahu":true}],"hrDt":{"zivoty":10,"atk":15,"def":30.0,"nazev":"Tank","pozice":{"x":-30.51878547668457,"y":-16.401046752929689,"z":27.056772232055665},"rotace":{"x":0.0,"y":242.70301818847657,"z":0.0}},"sceneJm":"3d pokus2","pocetZivotu":2,"pocetPointu":380,"timer":42.5041389465332}