{"bdv":[],"obj":[{"zivoty":-10,"atk":12,"def":0.0,"nazev":"","bojuje":true,"pozice":{"x":-2.0492210388183595,"y":-16.559112548828126,"z":47.070396423339847},"rotace":{"x":0.0,"y":224.14328002929688,"z":0.0},"jeNaTahu":true}],"hrDt":{"zivoty":5,"atk":40,"def":15.0,"nazev":"Spg","pozice":{"x":-15.242290496826172,"y":-16.740385055541993,"z":29.889904022216798},"rotace":{"x":0.0,"y":345.203369140625,"z":0.0}},"sceneJm":"3d pokus2","pocetZivotu":0}