{"bdv":[],"obj":[{"zivoty":20,"atk":12,"def":10.0,"nazev":"","bojuje":true,"pozice":{"x":-14.787532806396485,"y":-16.130104064941408,"z":31.949966430664064},"rotace":{"x":0.0,"y":231.7465362548828,"z":0.0},"jeNaTahu":false}],"hrDt":{"zivoty":5,"atk":40,"def":15.0,"nazev":"Spg","pozice":{"x":-32.00921630859375,"y":-16.73763656616211,"z":19.5246639251709},"rotace":{"x":0.0,"y":302.25762939453127,"z":0.0}},"sceneJm":"3d pokus2","pocetZivotu":2}