{"bdv":[],"obj":[{"zivoty":20,"atk":2,"def":10.0,"nazev":"zaklenemy","bojuje":false,"pozice":{"x":25.729999542236329,"y":13.440004348754883},"jeNaTahu":false},{"zivoty":20,"atk":2,"def":10.0,"nazev":"zaklenemy","bojuje":true,"pozice":{"x":21.623435974121095,"y":3.207911491394043},"jeNaTahu":false},{"zivoty":20,"atk":2,"def":10.0,"nazev":"zaklenemy","bojuje":false,"pozice":{"x":-26.15999984741211,"y":-14.200002670288086},"jeNaTahu":false}],"hrDt":{"zivoty":10,"atk":15,"def":30.0,"nazev":"tank","pozice":{"x":10.683784484863282,"y":-1.0742614269256592}},"sceneJm":"SampleScene"}