{"bdv":[],"obj":[{"zivoty":20,"atk":12,"def":5.0,"nazev":"zaklEnemy","bojuje":true,"pozice":{"x":48.69271469116211,"y":-13.907998085021973,"z":144.74420166015626},"rotace":{"x":0.0,"y":161.05648803710938,"z":0.0},"jeNaTahu":false}],"hrDt":{"zivoty":0,"atk":25,"def":8.0,"nazev":"Spg","pozice":{"x":54.4720573425293,"y":-14.127058029174805,"z":130.24134826660157},"rotace":{"x":0.0,"y":21.138994216918947,"z":0.0}},"sceneJm":"Forest","pocetZivotu":1,"pocetPointu":280,"timer":35.07368469238281}