{"bdv":[],"obj":[{"zivoty":20,"atk":2,"def":10.0,"nazev":"zaklenemy","bojuje":true,"pozice":{"x":24.2114200592041,"y":-15.791816711425782},"jeNaTahu":false}],"hrDt":{"zivoty":0,"atk":20,"def":3.0,"nazev":"motor","pozice":{"x":17.289270401000978,"y":-16.963001251220704}},"sceneJm":"mapa2"}