{"bdv":[],"obj":[{"zivoty":20,"atk":2,"def":10.0,"nazev":"zaklenemy","bojuje":false,"pozice":{"x":-26.15999984741211,"y":-14.200002670288086},"jeNaTahu":false},{"zivoty":20,"atk":2,"def":10.0,"nazev":"zaklenemy","bojuje":false,"pozice":{"x":-31.799999237060548,"y":29.300006866455079},"jeNaTahu":false},{"zivoty":20,"atk":2,"def":10.0,"nazev":"zaklenemy","bojuje":true,"pozice":{"x":21.0373477935791,"y":3.0174317359924318},"jeNaTahu":false}],"hrDt":{"zivoty":5,"atk":20,"def":10.0,"nazev":"spg","pozice":{"x":9.692505836486817,"y":-0.409797728061676}},"sceneJm":"SampleScene"}