{"obj":[{"zivoty":20,"atk":2,"def":10.0,"nazev":"zaklenemy","bojuje":false,"pozice":{"x":-31.799999237060548,"y":29.300006866455079},"jeNaTahu":false},{"zivoty":20,"atk":2,"def":10.0,"nazev":"zaklenemy","bojuje":false,"pozice":{"x":22.5,"y":3.5000009536743166},"jeNaTahu":false},{"zivoty":20,"atk":2,"def":25.0,"nazev":"zaklenemy","bojuje":true,"pozice":{"x":-25.662857055664064,"y":-14.164652824401856},"jeNaTahu":false}],"hrDt":{"zivoty":-3,"atk":15,"def":0.0,"nazev":"tank","pozice":{"x":-14.024954795837403,"y":-14.36154556274414}},"sceneJm":"SampleScene"}