{"obj":[{"zivoty":20,"atk":2,"def":10.0,"nazev":"zaklenemy","bojuje":true,"pozice":{"x":7.151630401611328,"y":-0.057127635926008227},"jeNaTahu":false},{"zivoty":20,"atk":2,"def":10.0,"nazev":"zaklenemy","bojuje":false,"pozice":{"x":-4.567931175231934,"y":1.2145196199417115},"jeNaTahu":false}],"hrDt":{"zivoty":20,"atk":10,"def":5.0,"nazev":"zakladniHrac","pozice":{"x":3.499973773956299,"y":-3.9140541553497316}}}