{"bdv":[],"obj":[{"zivoty":20,"atk":12,"def":10.0,"nazev":"","bojuje":true,"pozice":{"x":-30.60358238220215,"y":-13.732163429260254,"z":39.68841552734375},"rotace":{"x":0.0,"y":267.5122375488281,"z":0.0},"jeNaTahu":false}],"hrDt":{"zivoty":0,"atk":40,"def":3.0,"nazev":"Spg","pozice":{"x":-44.4857177734375,"y":-15.684353828430176,"z":42.81092834472656},"rotace":{"x":0.0,"y":309.7054443359375,"z":0.0}},"sceneJm":"3d pokus2"}