{"bdv":[],"obj":[{"zivoty":20,"atk":2,"def":10.0,"nazev":"zaklenemy","bojuje":false,"pozice":{"x":-24.46172332763672,"y":-26.343271255493165},"jeNaTahu":true},{"zivoty":20,"atk":2,"def":10.0,"nazev":"zaklenemy","bojuje":true,"pozice":{"x":-25.84620475769043,"y":-19.69623565673828},"jeNaTahu":true},{"zivoty":20,"atk":2,"def":10.0,"nazev":"zaklenemy","bojuje":false,"pozice":{"x":59.808815002441409,"y":-26.88274574279785},"jeNaTahu":true}],"hrDt":{"zivoty":5,"atk":20,"def":10.0,"nazev":"spg","pozice":{"x":-18.86699104309082,"y":-19.26915168762207}},"sceneJm":"mapa2"}