{"bdv":[],"obj":[{"zivoty":20,"atk":12,"def":10.0,"nazev":"","bojuje":true,"pozice":{"x":2.978179931640625,"y":-16.614084243774415,"z":49.47439956665039},"jeNaTahu":false}],"hrDt":{"zivoty":5,"atk":40,"def":15.0,"nazev":"Spg","pozice":{"x":21.980525970458986,"y":-13.130548477172852,"z":47.47040939331055}},"sceneJm":"3d pokus2"}