{"bdv":[],"obj":[{"zivoty":20,"atk":2,"def":10.0,"nazev":"zaklenemy","bojuje":false,"pozice":{"x":-31.799999237060548,"y":29.300006866455079},"jeNaTahu":false},{"zivoty":20,"atk":2,"def":10.0,"nazev":"zaklenemy","bojuje":false,"pozice":{"x":22.5,"y":3.5000009536743166},"jeNaTahu":false},{"zivoty":20,"atk":2,"def":10.0,"nazev":"zaklenemy","bojuje":false,"pozice":{"x":19.039411544799806,"y":17.190765380859376},"jeNaTahu":false},{"zivoty":20,"atk":2,"def":10.0,"nazev":"zaklenemy","bojuje":true,"pozice":{"x":-30.888566970825197,"y":-5.301703453063965},"jeNaTahu":false}],"hrDt":{"zivoty":0,"atk":15,"def":30.0,"nazev":"tank","pozice":{"x":-33.883522033691409,"y":-7.5499162673950199}},"sceneJm":"SampleScene"}