{"bdv":[{"nazev":"radar","pozice":{"x":-16.0,"y":-16.0,"z":12.0},"zivoty":10}],"obj":[{"zivoty":-10,"atk":15,"def":0.0,"nazev":"zaklenemy","bojuje":true,"pozice":{"x":-8.360771179199219,"y":-15.65009880065918,"z":35.359130859375},"jeNaTahu":true}],"hrDt":{"zivoty":15,"atk":20,"def":0.0,"nazev":"Motorized infantry","pozice":{"x":-14.191211700439454,"y":-15.880098342895508,"z":29.553878784179689}},"sceneJm":"3d pokus2"}