{"bdv":[],"obj":[{"zivoty":-10,"atk":12,"def":0.0,"nazev":"zaklEnemy","bojuje":true,"pozice":{"x":31.628162384033204,"y":-15.398728370666504,"z":45.181549072265628},"rotace":{"x":0.0,"y":333.8514404296875,"z":0.0},"jeNaTahu":true}],"hrDt":{"zivoty":5,"atk":40,"def":15.0,"nazev":"Spg","pozice":{"x":14.352046966552735,"y":-14.271994590759278,"z":46.914756774902347},"rotace":{"x":0.0,"y":99.19776153564453,"z":0.0}},"sceneJm":"3d pokus2","pocetZivotu":2,"pocetPointu":240,"timer":27.022647857666017}