{"bdv":[{"nazev":"radar","pozice":{"x":-16.0,"y":-16.0,"z":12.0},"zivoty":10}],"obj":[{"zivoty":20,"atk":15,"def":10.0,"nazev":"zaklenemy","bojuje":true,"pozice":{"x":-6.98944091796875,"y":-15.65009880065918,"z":29.903522491455079},"jeNaTahu":false}],"hrDt":{"zivoty":0,"atk":20,"def":5.0,"nazev":"Motorized infantry","pozice":{"x":-4.0579986572265629,"y":-15.880098342895508,"z":23.210981369018556}},"sceneJm":"3d pokus2"}