{"bdv":[],"obj":[{"zivoty":-10,"atk":12,"def":0.0,"nazev":"zaklEnemy","bojuje":true,"pozice":{"x":31.582378387451173,"y":-15.391422271728516,"z":45.18196487426758},"rotace":{"x":0.0,"y":330.8405456542969,"z":0.0},"jeNaTahu":true}],"hrDt":{"zivoty":5,"atk":40,"def":3.0,"nazev":"Spg","pozice":{"x":13.50448226928711,"y":-14.135396957397461,"z":46.4432487487793},"rotace":{"x":0.0,"y":121.49858856201172,"z":0.0}},"sceneJm":"3d pokus2","pocetZivotu":2,"pocetPointu":200,"timer":26.013639450073243}