{"bdv":[],"obj":[{"zivoty":-10,"atk":12,"def":0.0,"nazev":"","bojuje":true,"pozice":{"x":-7.4085693359375,"y":-16.83685302734375,"z":34.93718338012695},"rotace":{"x":0.0,"y":178.63275146484376,"z":0.0},"jeNaTahu":true}],"hrDt":{"zivoty":5,"atk":40,"def":3.0,"nazev":"Spg","pozice":{"x":-0.2901039123535156,"y":-16.59000015258789,"z":21.840126037597658},"rotace":{"x":0.0,"y":72.86063385009766,"z":0.0}},"sceneJm":"3d pokus2","pocetZivotu":3}