{"bdv":[{"rotace":{"x":0.0,"y":0.0,"z":0.0},"nazev":"nemocnice","pozice":{"x":-23.000024795532228,"y":-17.0,"z":9.0},"zivoty":2}],"obj":[{"zivoty":20,"atk":12,"def":10.0,"nazev":"zaklEnemy","bojuje":false,"pozice":{"x":31.831058502197267,"y":-15.438311576843262,"z":45.1607666015625},"rotace":{"x":0.0,"y":0.0,"z":0.0},"jeNaTahu":true},{"zivoty":20,"atk":12,"def":10.0,"nazev":"zaklEnemy","bojuje":true,"pozice":{"x":-38.73726272583008,"y":-16.177989959716798,"z":8.113966941833496},"rotace":{"x":0.0,"y":256.53338623046877,"z":0.0},"jeNaTahu":true},{"zivoty":20,"atk":12,"def":10.0,"nazev":"zaklEnemy","bojuje":false,"pozice":{"x":2.8946800231933595,"y":-14.110486030578614,"z":29.5},"rotace":{"x":0.0,"y":250.0,"z":0.0},"jeNaTahu":true}],"hrDt":{"zivoty":5,"atk":40,"def":15.0,"nazev":"Spg","pozice":{"x":-53.29999923706055,"y":-16.84000015258789,"z":4.626760482788086},"rotace":{"x":0.0,"y":267.91314697265627,"z":0.0}},"sceneJm":"3d pokus2","pocetZivotu":3,"pocetPointu":280}