{"bdv":[],"obj":[{"zivoty":20,"atk":12,"def":12.5,"nazev":"zaklEnemy","bojuje":false,"pozice":{"x":-0.7649726867675781,"y":-15.942200660705567,"z":49.40296936035156},"rotace":{"x":0.0,"y":0.0,"z":0.0},"jeNaTahu":true},{"zivoty":20,"atk":12,"def":10.0,"nazev":"zaklEnemy","bojuje":true,"pozice":{"x":27.59756851196289,"y":-16.051864624023439,"z":33.23273849487305},"rotace":{"x":0.0,"y":245.62930297851563,"z":0.0},"jeNaTahu":true}],"hrDt":{"zivoty":5,"atk":40,"def":15.0,"nazev":"Spg","pozice":{"x":13.986499786376954,"y":-14.91421890258789,"z":27.066808700561525},"rotace":{"x":0.0,"y":4.467074871063232,"z":0.0}},"sceneJm":"3d pokus2","pocetZivotu":2,"pocetPointu":140,"timer":8.479525566101075}