{"bdv":[],"obj":[{"zivoty":20,"atk":12,"def":10.0,"nazev":"zaklEnemy","bojuje":false,"pozice":{"x":36.3658332824707,"y":-16.16573715209961,"z":37.392578125},"rotace":{"x":0.0,"y":0.0,"z":0.0},"jeNaTahu":false},{"zivoty":20,"atk":12,"def":10.0,"nazev":"zaklEnemy","bojuje":true,"pozice":{"x":-3.994953155517578,"y":-15.623013496398926,"z":45.002559661865237},"rotace":{"x":0.0,"y":216.34396362304688,"z":0.0},"jeNaTahu":false}],"hrDt":{"zivoty":10,"atk":15,"def":37.5,"nazev":"Tank","pozice":{"x":-15.905498504638672,"y":-16.73061752319336,"z":29.961301803588868},"rotace":{"x":0.0,"y":282.243896484375,"z":0.0}},"sceneJm":"3d pokus2","pocetZivotu":2,"pocetPointu":180,"timer":14.79918384552002}