{"bdv":[{"nazev":"vrt","pozice":{"x":9.740602493286133,"y":-11.092974662780762}}],"obj":[{"zivoty":20,"atk":2,"def":10.0,"nazev":"zaklenemy","bojuje":false,"pozice":{"x":-31.799999237060548,"y":28.30001449584961},"jeNaTahu":true},{"zivoty":20,"atk":2,"def":10.0,"nazev":"zaklenemy","bojuje":false,"pozice":{"x":13.026493072509766,"y":25.115589141845704},"jeNaTahu":true},{"zivoty":-5,"atk":2,"def":0.0,"nazev":"zaklenemy","bojuje":true,"pozice":{"x":12.368003845214844,"y":-7.67910099029541},"jeNaTahu":true}],"hrDt":{"zivoty":10,"atk":15,"def":25.0,"nazev":"tank","pozice":{"x":7.917621612548828,"y":-13.087346076965332}},"sceneJm":"SampleScene"}