{"bdv":[],"obj":[{"zivoty":-10,"atk":12,"def":0.0,"nazev":"zaklEnemy","bojuje":true,"pozice":{"x":1.8782157897949219,"y":-15.984082221984864,"z":49.409263610839847},"rotace":{"x":0.0,"y":88.45946502685547,"z":0.0},"jeNaTahu":true}],"hrDt":{"zivoty":1,"atk":40,"def":0.0,"nazev":"Spg","pozice":{"x":15.90671157836914,"y":-13.495683670043946,"z":44.83943176269531},"rotace":{"x":0.0,"y":304.1978454589844,"z":0.0}},"sceneJm":"3d pokus2","pocetZivotu":2,"pocetPointu":180,"timer":13.663942337036133}