{"bdv":[],"obj":[{"zivoty":20,"atk":2,"def":10.0,"nazev":"zaklenemy","bojuje":false,"pozice":{"x":-1.0970611572265626,"y":18.454265594482423},"jeNaTahu":true},{"zivoty":0,"atk":2,"def":0.0,"nazev":"zaklenemy","bojuje":true,"pozice":{"x":-6.8353962898254398,"y":-9.759549140930176},"jeNaTahu":true}],"hrDt":{"zivoty":25,"atk":10,"def":0.0,"nazev":"zakladniHrac","pozice":{"x":-13.782876968383789,"y":-8.879328727722168}},"sceneJm":"SampleScene"}