{"bdv":[],"obj":[{"zivoty":5,"atk":12,"def":5.0,"nazev":"zaklEnemy","bojuje":true,"pozice":{"x":27.179306030273439,"y":-23.71454620361328,"z":102.61005401611328},"rotace":{"x":0.0,"y":328.9091796875,"z":0.0},"jeNaTahu":false}],"hrDt":{"zivoty":0,"atk":25,"def":19.0,"nazev":"Spg","pozice":{"x":16.596031188964845,"y":-24.5,"z":120.35232543945313},"rotace":{"x":0.0,"y":132.4173583984375,"z":0.0}},"sceneJm":"Desert","pocetZivotu":1,"pocetPointu":220,"timer":30.217517852783204}