{"bdv":[],"obj":[{"zivoty":20,"atk":12,"def":10.0,"nazev":"zaklEnemy","bojuje":false,"pozice":{"x":33.459999084472659,"y":-16.533390045166017,"z":41.0},"rotace":{"x":0.0,"y":180.0,"z":0.0},"jeNaTahu":false},{"zivoty":0,"atk":12,"def":0.0,"nazev":"zaklEnemy","bojuje":true,"pozice":{"x":-12.004779815673829,"y":-16.823711395263673,"z":51.6912956237793},"rotace":{"x":0.0,"y":184.20645141601563,"z":0.0},"jeNaTahu":true}],"hrDt":{"zivoty":5,"atk":25,"def":19.0,"nazev":"Spg","pozice":{"x":-14.753227233886719,"y":-17.83292007446289,"z":26.409263610839845},"rotace":{"x":0.0,"y":239.94451904296876,"z":0.0}},"sceneJm":"3d pokus2","pocetZivotu":2,"pocetPointu":140,"timer":16.65007209777832}