{"obj":[{"zivoty":20,"atk":2,"def":10.0,"nazev":"zaklenemy","bojuje":false,"pozice":{"x":-28.399999618530275,"y":-18.00000762939453},"jeNaTahu":true},{"zivoty":20,"atk":2,"def":25.0,"nazev":"zaklenemy","bojuje":true,"pozice":{"x":-25.543272018432618,"y":27.246299743652345},"jeNaTahu":false}],"hrDt":{"zivoty":-1,"atk":15,"def":0.0,"nazev":"tank","pozice":{"x":-20.542835235595704,"y":27.094688415527345}},"sceneJm":"SampleScene"}