{"bdv":[],"obj":[{"zivoty":20,"atk":2,"def":10.0,"nazev":"zaklenemy","bojuje":true,"pozice":{"x":4.829761981964111,"y":23.193336486816408},"jeNaTahu":true},{"zivoty":20,"atk":2,"def":10.0,"nazev":"zaklenemy","bojuje":false,"pozice":{"x":11.599109649658204,"y":-12.829202651977539},"jeNaTahu":true}],"hrDt":{"zivoty":25,"atk":20,"def":5.0,"nazev":"motor","pozice":{"x":-1.808869481086731,"y":20.948148727416993}},"sceneJm":"mapa2"}