{"bdv":[],"obj":[{"zivoty":20,"atk":12,"def":10.0,"nazev":"zaklEnemy","bojuje":false,"pozice":{"x":-11.880001068115235,"y":-15.472764015197754,"z":56.5099983215332},"rotace":{"x":0.0,"y":180.0,"z":0.0},"jeNaTahu":false},{"zivoty":-10,"atk":12,"def":0.0,"nazev":"zaklEnemy","bojuje":true,"pozice":{"x":-35.15999984741211,"y":-16.070789337158204,"z":8.84000015258789},"rotace":{"x":0.0,"y":180.0,"z":0.0},"jeNaTahu":true}],"hrDt":{"zivoty":15,"atk":40,"def":8.0,"nazev":"Spg","pozice":{"x":-17.54163360595703,"y":-16.577844619750978,"z":20.58551597595215},"rotace":{"x":0.0,"y":225.90914916992188,"z":0.0}},"sceneJm":"3d pokus2","pocetZivotu":2,"pocetPointu":120,"timer":20.633296966552736}