{"bdv":[{"rotace":{"x":0.0,"y":289.7699890136719,"z":0.0},"nazev":"radar","pozice":{"x":78.0,"y":-20.100000381469728,"z":69.0},"zivoty":10}],"obj":[{"zivoty":0,"atk":12,"def":0.0,"nazev":"zaklEnemy","bojuje":true,"pozice":{"x":1.1160507202148438,"y":-23.908000946044923,"z":135.35829162597657},"rotace":{"x":0.0,"y":113.35346221923828,"z":0.0},"jeNaTahu":true}],"hrDt":{"zivoty":10,"atk":15,"def":8.0,"nazev":"Tank","pozice":{"x":15.125694274902344,"y":-24.5,"z":130.17991638183595},"rotace":{"x":0.0,"y":349.7078857421875,"z":0.0}},"sceneJm":"Desert","pocetZivotu":1,"pocetPointu":460,"timer":131.92724609375}