{"bdv":[],"obj":[{"zivoty":20,"atk":2,"def":10.0,"nazev":"zaklenemy","bojuje":true,"pozice":{"x":0.0,"y":-15.65009880065918,"z":50.0},"jeNaTahu":false}],"hrDt":{"zivoty":0,"atk":20,"def":5.0,"nazev":"Motorized infantry","pozice":{"x":-1.1586151123046876,"y":-15.880098342895508,"z":40.058536529541019}},"sceneJm":"3d pokus2"}