{"bdv":[],"obj":[{"zivoty":20,"atk":12,"def":10.0,"nazev":"zaklEnemy","bojuje":false,"pozice":{"x":33.705162048339847,"y":-16.004718780517579,"z":41.5},"rotace":{"x":0.0,"y":180.0,"z":0.0},"jeNaTahu":true},{"zivoty":15,"atk":12,"def":0.0,"nazev":"zaklEnemy","bojuje":true,"pozice":{"x":-10.684944152832032,"y":-17.158000946044923,"z":44.748504638671878},"rotace":{"x":0.0,"y":177.5140838623047,"z":0.0},"jeNaTahu":false}],"hrDt":{"zivoty":0,"atk":15,"def":0.0,"nazev":"Tank","pozice":{"x":-10.035480499267579,"y":-17.93515968322754,"z":29.789079666137697},"rotace":{"x":0.0,"y":16.573957443237306,"z":0.0}},"sceneJm":"3d pokus2","pocetZivotu":1,"pocetPointu":160,"timer":31.213712692260743}