{"bdv":[{"rotace":{"x":0.0,"y":0.0,"z":0.0},"nazev":"radar","pozice":{"x":-1.149999976158142,"y":-14.930000305175782,"z":94.4800033569336},"zivoty":10}],"obj":[{"zivoty":0,"atk":12,"def":0.0,"nazev":"zaklEnemy","bojuje":true,"pozice":{"x":33.55569839477539,"y":-13.907998085021973,"z":158.140625},"rotace":{"x":0.0,"y":286.9404296875,"z":0.0},"jeNaTahu":true}],"hrDt":{"zivoty":5,"atk":25,"def":4.0,"nazev":"Spg","pozice":{"x":22.749935150146486,"y":-14.268874168395996,"z":160.9191436767578},"rotace":{"x":0.0,"y":194.27456665039063,"z":0.0}},"sceneJm":"Forest","pocetZivotu":2,"pocetPointu":370,"timer":60.58529281616211}