{"bdv":[],"obj":[{"zivoty":20,"atk":2,"def":10.0,"nazev":"zaklenemy","bojuje":false,"pozice":{"x":-31.799999237060548,"y":29.300006866455079},"jeNaTahu":false},{"zivoty":20,"atk":2,"def":10.0,"nazev":"zaklenemy","bojuje":false,"pozice":{"x":22.5,"y":3.5000009536743166},"jeNaTahu":false},{"zivoty":0,"atk":2,"def":0.0,"nazev":"zaklenemy","bojuje":true,"pozice":{"x":-13.585103988647461,"y":-1.1448251008987427},"jeNaTahu":true}],"hrDt":{"zivoty":10,"atk":15,"def":28.0,"nazev":"tank","pozice":{"x":-4.858126163482666,"y":-1.104095697402954}},"sceneJm":"SampleScene"}