{"bdv":[],"obj":[{"zivoty":20,"atk":12,"def":10.0,"nazev":"zaklEnemy","bojuje":true,"pozice":{"x":27.89940643310547,"y":-15.865731239318848,"z":43.29939270019531},"rotace":{"x":0.0,"y":288.7250671386719,"z":0.0},"jeNaTahu":false}],"hrDt":{"zivoty":0,"atk":25,"def":3.0,"nazev":"Spg","pozice":{"x":8.052864074707032,"y":-16.667518615722658,"z":50.677040100097659},"rotace":{"x":0.0,"y":81.94552612304688,"z":0.0}},"sceneJm":"3d pokus2","pocetZivotu":-1,"pocetPointu":200,"timer":34.832115173339847}