{"bdv":[],"obj":[{"zivoty":20,"atk":2,"def":10.0,"nazev":"zaklenemy","bojuje":true,"pozice":{"x":5.070894241333008,"y":-2.4987382888793947},"jeNaTahu":true},{"zivoty":20,"atk":2,"def":10.0,"nazev":"zaklenemy","bojuje":false,"pozice":{"x":25.31231117248535,"y":12.067870140075684},"jeNaTahu":true}],"hrDt":{"zivoty":10,"atk":15,"def":28.0,"nazev":"tank","pozice":{"x":14.603529930114746,"y":1.9094722270965577}},"sceneJm":"SampleScene"}