{"bdv":[],"obj":[{"zivoty":20,"atk":12,"def":10.0,"nazev":"","bojuje":true,"pozice":{"x":5.5654754638671879,"y":-16.84000015258789,"z":31.41542625427246},"jeNaTahu":true}],"hrDt":{"zivoty":5,"atk":40,"def":10.0,"nazev":"Spg","pozice":{"x":-7.294490814208984,"y":-16.84000015258789,"z":29.771167755126954}},"sceneJm":"3d pokus2"}