{"bdv":[],"obj":[{"zivoty":20,"atk":12,"def":10.0,"nazev":"zaklEnemy","bojuje":true,"pozice":{"x":-20.964794158935548,"y":-16.092113494873048,"z":26.49863624572754},"rotace":{"x":0.0,"y":237.74844360351563,"z":0.0},"jeNaTahu":true},{"zivoty":20,"atk":12,"def":10.0,"nazev":"zaklEnemy","bojuje":false,"pozice":{"x":31.831058502197267,"y":-15.438311576843262,"z":45.1607666015625},"rotace":{"x":0.0,"y":0.0,"z":0.0},"jeNaTahu":true}],"hrDt":{"zivoty":5,"atk":40,"def":15.0,"nazev":"Spg","pozice":{"x":-31.32077980041504,"y":-16.734333038330079,"z":15.816977500915528},"rotace":{"x":0.0,"y":55.69112777709961,"z":0.0}},"sceneJm":"3d pokus2","pocetZivotu":2,"pocetPointu":240,"timer":21.739164352416993}