{"obj":[{"zivoty":20,"atk":2,"def":10.0,"nazev":"zaklenemy","bojuje":false,"pozice":{"x":-26.15999984741211,"y":-14.200002670288086},"jeNaTahu":false},{"zivoty":20,"atk":2,"def":10.0,"nazev":"zaklenemy","bojuje":true,"pozice":{"x":7.943898677825928,"y":0.8735701441764832},"jeNaTahu":false},{"zivoty":20,"atk":2,"def":10.0,"nazev":"zaklenemy","bojuje":false,"pozice":{"x":-31.799999237060548,"y":29.300006866455079},"jeNaTahu":false}],"hrDt":{"zivoty":10,"atk":15,"def":30.0,"nazev":"tank","pozice":{"x":-2.843702793121338,"y":-0.11603276431560517}},"sceneJm":"SampleScene"}