{"bdv":[],"obj":[{"zivoty":20,"atk":2,"def":10.0,"nazev":"zaklenemy","bojuje":false,"pozice":{"x":18.52899932861328,"y":2.3212618827819826},"jeNaTahu":true},{"zivoty":20,"atk":2,"def":10.0,"nazev":"zaklenemy","bojuje":false,"pozice":{"x":-26.15999984741211,"y":-15.200005531311036},"jeNaTahu":true},{"zivoty":20,"atk":2,"def":10.0,"nazev":"zaklenemy","bojuje":true,"pozice":{"x":9.181924819946289,"y":-4.337759017944336},"jeNaTahu":true}],"hrDt":{"zivoty":25,"atk":10,"def":5.0,"nazev":"zakladniHrac","pozice":{"x":2.8201470375061037,"y":-7.26109504699707}},"sceneJm":"SampleScene"}