{"bdv":[],"obj":[{"zivoty":1,"atk":12,"def":10.0,"nazev":"","bojuje":true,"pozice":{"x":-12.149856567382813,"y":-16.16122817993164,"z":32.31803512573242},"rotace":{"x":0.0,"y":211.7679901123047,"z":0.0},"jeNaTahu":false}],"hrDt":{"zivoty":1,"atk":15,"def":30.0,"nazev":"Tank","pozice":{"x":-21.019100189208986,"y":-16.68471336364746,"z":17.996166229248048},"rotace":{"x":0.0,"y":212.86318969726563,"z":0.0}},"sceneJm":"3d pokus2","pocetZivotu":1}