{"bdv":[{"nazev":"radar","pozice":{"x":-9.5,"y":-17.899999618530275}}],"obj":[{"zivoty":20,"atk":2,"def":10.0,"nazev":"zaklenemy","bojuje":false,"pozice":{"x":15.536765098571778,"y":-16.548059463500978},"jeNaTahu":true},{"zivoty":20,"atk":2,"def":10.0,"nazev":"zaklenemy","bojuje":false,"pozice":{"x":-10.941545486450196,"y":16.577104568481447},"jeNaTahu":true},{"zivoty":20,"atk":2,"def":10.0,"nazev":"zaklenemy","bojuje":true,"pozice":{"x":12.905253410339356,"y":-19.428258895874025},"jeNaTahu":true}],"hrDt":{"zivoty":25,"atk":20,"def":5.0,"nazev":"motor","pozice":{"x":6.020122051239014,"y":-20.721973419189454}},"sceneJm":"mapa2"}