{"obj":[{"zivoty":20,"atk":2,"def":10.0,"nazev":"zaklenemy","bojuje":false,"pozice":{"x":-31.799999237060548,"y":29.300006866455079},"jeNaTahu":false},{"zivoty":20,"atk":2,"def":10.0,"nazev":"zaklenemy","bojuje":true,"pozice":{"x":21.739688873291017,"y":3.3461036682128908},"jeNaTahu":false},{"zivoty":20,"atk":2,"def":10.0,"nazev":"zaklenemy","bojuje":false,"pozice":{"x":-26.15999984741211,"y":-14.200002670288086},"jeNaTahu":false}],"hrDt":{"zivoty":10,"atk":15,"def":30.0,"nazev":"tank","pozice":{"x":13.752269744873047,"y":1.5432562828063965}},"sceneJm":"SampleScene"}