{"bdv":[],"obj":[{"zivoty":0,"atk":12,"def":0.0,"nazev":"zaklEnemy","bojuje":true,"pozice":{"x":110.96467590332031,"y":-24.02197265625,"z":142.67645263671876},"rotace":{"x":0.0,"y":244.13424682617188,"z":0.0},"jeNaTahu":true}],"hrDt":{"zivoty":5,"atk":25,"def":15.0,"nazev":"Spg","pozice":{"x":94.4410400390625,"y":-24.691936492919923,"z":135.77349853515626},"rotace":{"x":0.0,"y":15.950926780700684,"z":0.0}},"sceneJm":"Desert","pocetZivotu":2,"pocetPointu":260,"timer":38.574337005615237}