{"bdv":[{"nazev":"vrt","pozice":{"x":-17.969999313354493,"y":3.5899999141693117}},{"nazev":"vrt","pozice":{"x":2.1910629272460939,"y":-4.099999904632568}}],"obj":[{"zivoty":20,"atk":2,"def":10.0,"nazev":"zaklenemy","bojuje":false,"pozice":{"x":-31.799999237060548,"y":29.300006866455079},"jeNaTahu":false},{"zivoty":20,"atk":2,"def":10.0,"nazev":"zaklenemy","bojuje":false,"pozice":{"x":-26.15999984741211,"y":-14.200002670288086},"jeNaTahu":false},{"zivoty":0,"atk":2,"def":0.0,"nazev":"zaklenemy","bojuje":true,"pozice":{"x":21.908653259277345,"y":3.3166422843933107},"jeNaTahu":true}],"hrDt":{"zivoty":10,"atk":15,"def":28.0,"nazev":"tank","pozice":{"x":9.858174324035645,"y":0.8872613906860352}},"sceneJm":"SampleScene"}