{"bdv":[],"obj":[{"zivoty":20,"atk":12,"def":10.0,"nazev":"zaklEnemy","bojuje":false,"pozice":{"x":33.459999084472659,"y":-16.533390045166017,"z":41.0},"rotace":{"x":0.0,"y":180.0,"z":0.0},"jeNaTahu":false},{"zivoty":0,"atk":12,"def":0.0,"nazev":"zaklEnemy","bojuje":true,"pozice":{"x":-11.91994857788086,"y":-15.85703182220459,"z":55.68883514404297},"rotace":{"x":0.0,"y":182.14564514160157,"z":0.0},"jeNaTahu":true}],"hrDt":{"zivoty":2,"atk":40,"def":0.0,"nazev":"Spg","pozice":{"x":-13.697669982910157,"y":-17.852258682250978,"z":32.04021453857422},"rotace":{"x":0.0,"y":321.87408447265627,"z":0.0}},"sceneJm":"3d pokus2","pocetZivotu":2,"pocetPointu":120,"timer":27.442771911621095}