{"bdv":[],"obj":[{"zivoty":20,"atk":2,"def":10.0,"nazev":"zaklenemy","bojuje":false,"pozice":{"x":2.0760016441345217,"y":-0.7578920125961304},"jeNaTahu":false},{"zivoty":20,"atk":2,"def":10.0,"nazev":"zaklenemy","bojuje":false,"pozice":{"x":1.8067177534103394,"y":11.94066047668457},"jeNaTahu":false},{"zivoty":20,"atk":2,"def":10.0,"nazev":"zaklenemy","bojuje":false,"pozice":{"x":-26.15999984741211,"y":-14.200002670288086},"jeNaTahu":false},{"zivoty":20,"atk":2,"def":10.0,"nazev":"zaklenemy","bojuje":true,"pozice":{"x":9.422959327697754,"y":-4.714493751525879},"jeNaTahu":false}],"hrDt":{"zivoty":10,"atk":15,"def":30.0,"nazev":"tank","pozice":{"x":16.73176383972168,"y":-11.488334655761719}},"sceneJm":"SampleScene"}