{"bdv":[],"obj":[{"zivoty":20,"atk":2,"def":10.0,"nazev":"zaklenemy","bojuje":false,"pozice":{"x":25.729999542236329,"y":12.440009117126465},"jeNaTahu":false},{"zivoty":0,"atk":2,"def":0.0,"nazev":"zaklenemy","bojuje":true,"pozice":{"x":-25.04288673400879,"y":-14.833728790283204},"jeNaTahu":true}],"hrDt":{"zivoty":10,"atk":15,"def":26.0,"nazev":"tank","pozice":{"x":-14.96207332611084,"y":-9.383123397827149}},"sceneJm":"SampleScene"}