{"bdv":[],"obj":[{"zivoty":20,"atk":12,"def":10.0,"nazev":"","bojuje":true,"pozice":{"x":4.121086120605469,"y":-16.449132919311525,"z":48.92390441894531},"rotace":{"x":0.0,"y":101.58899688720703,"z":0.0},"jeNaTahu":true}],"hrDt":{"zivoty":10,"atk":15,"def":30.0,"nazev":"Tank","pozice":{"x":18.47140121459961,"y":-13.66478157043457,"z":45.86482620239258},"rotace":{"x":0.0,"y":348.7548828125,"z":0.0}},"sceneJm":"3d pokus2","pocetZivotu":3}