{"bdv":[],"obj":[{"zivoty":20,"atk":12,"def":30.0,"nazev":"zaklEnemy","bojuje":true,"pozice":{"x":20.869380950927736,"y":-13.893362998962403,"z":44.59575271606445},"rotace":{"x":0.0,"y":285.9385681152344,"z":0.0},"jeNaTahu":false}],"hrDt":{"zivoty":0,"atk":40,"def":0.0,"nazev":"Spg","pozice":{"x":5.504005432128906,"y":-15.959455490112305,"z":48.634647369384769},"rotace":{"x":0.0,"y":46.42601776123047,"z":0.0}},"sceneJm":"Forest","pocetZivotu":1,"pocetPointu":160,"timer":66.08265686035156}