{"bdv":[],"obj":[{"zivoty":20,"atk":2,"def":10.0,"nazev":"zaklenemy","bojuje":false,"pozice":{"x":-0.6000000238418579,"y":34.500030517578128},"jeNaTahu":true},{"zivoty":20,"atk":2,"def":10.0,"nazev":"zaklenemy","bojuje":true,"pozice":{"x":-27.342727661132814,"y":-7.230624198913574},"jeNaTahu":false}],"hrDt":{"zivoty":0,"atk":20,"def":3.0,"nazev":"motor","pozice":{"x":-28.700040817260743,"y":-0.3296050429344177}},"sceneJm":"mapa2"}