{"bdv":[],"obj":[{"zivoty":20,"atk":12,"def":10.0,"nazev":"zaklEnemy","bojuje":false,"pozice":{"x":33.459999084472659,"y":-16.533390045166017,"z":41.0},"rotace":{"x":0.0,"y":180.0,"z":0.0},"jeNaTahu":true},{"zivoty":0,"atk":12,"def":0.0,"nazev":"zaklEnemy","bojuje":true,"pozice":{"x":-11.835212707519532,"y":-17.15038299560547,"z":17.307649612426759},"rotace":{"x":0.0,"y":180.03256225585938,"z":0.0},"jeNaTahu":true}],"hrDt":{"zivoty":15,"atk":40,"def":15.0,"nazev":"Spg","pozice":{"x":-11.847145080566407,"y":-17.780832290649415,"z":2.0},"rotace":{"x":0.0,"y":180.61013793945313,"z":0.0}},"sceneJm":"3d pokus2","pocetZivotu":2,"pocetPointu":220,"timer":77.6395492553711}