{"bdv":[],"obj":[{"zivoty":20,"atk":12,"def":10.0,"nazev":"zaklEnemy","bojuje":false,"pozice":{"x":33.459999084472659,"y":-16.533390045166017,"z":41.0},"rotace":{"x":0.0,"y":180.0,"z":0.0},"jeNaTahu":false},{"zivoty":20,"atk":12,"def":10.0,"nazev":"zaklEnemy","bojuje":true,"pozice":{"x":-11.261062622070313,"y":-17.271896362304689,"z":42.28782272338867},"rotace":{"x":0.0,"y":187.90985107421876,"z":0.0},"jeNaTahu":false}],"hrDt":{"zivoty":0,"atk":15,"def":0.0,"nazev":"Tank","pozice":{"x":-13.523807525634766,"y":-17.852283477783204,"z":26.029508590698243},"rotace":{"x":0.0,"y":317.81842041015627,"z":0.0}},"sceneJm":"3d pokus2","pocetZivotu":-1,"pocetPointu":100,"timer":71.53607940673828}