{"bdv":[],"obj":[{"zivoty":20,"atk":2,"def":10.0,"nazev":"zaklenemy","bojuje":false,"pozice":{"x":-31.799999237060548,"y":29.300006866455079},"jeNaTahu":false},{"zivoty":20,"atk":2,"def":10.0,"nazev":"zaklenemy","bojuje":true,"pozice":{"x":6.708413124084473,"y":-16.954389572143556},"jeNaTahu":false},{"zivoty":20,"atk":2,"def":10.0,"nazev":"zaklenemy","bojuje":false,"pozice":{"x":7.696391582489014,"y":-20.259634017944337},"jeNaTahu":false},{"zivoty":20,"atk":2,"def":10.0,"nazev":"zaklenemy","bojuje":false,"pozice":{"x":16.112346649169923,"y":31.7276611328125},"jeNaTahu":false}],"hrDt":{"zivoty":10,"atk":15,"def":30.0,"nazev":"tank","pozice":{"x":7.217899322509766,"y":-13.745957374572754}},"sceneJm":"SampleScene"}