{"obj":[{"zivoty":20,"atk":2,"def":10.0,"nazev":"zaklenemy","bojuje":true,"pozice":{"x":-5.573320388793945,"y":2.126732349395752},"jeNaTahu":false},{"zivoty":20,"atk":2,"def":10.0,"nazev":"zaklenemy","bojuje":false,"pozice":{"x":8.339967727661133,"y":0.5838828086853027},"jeNaTahu":false}],"hrDt":{"zivoty":20,"atk":10,"def":5.0,"nazev":"zakladniHrac","pozice":{"x":0.5199999809265137,"y":0.20000000298023225}}}