{"bdv":[{"rotace":{"x":0.0,"y":0.0,"z":0.0},"nazev":"nemocnice","pozice":{"x":-23.000024795532228,"y":-17.0,"z":24.0},"zivoty":10}],"obj":[{"zivoty":20,"atk":12,"def":10.0,"nazev":"","bojuje":true,"pozice":{"x":-9.937007904052735,"y":-16.789390563964845,"z":31.77811622619629},"rotace":{"x":0.0,"y":184.82701110839845,"z":0.0},"jeNaTahu":true},{"zivoty":20,"atk":12,"def":10.0,"nazev":"","bojuje":false,"pozice":{"x":-17.597702026367189,"y":-16.627599716186525,"z":36.73764419555664},"rotace":{"x":0.0,"y":161.8155059814453,"z":0.0},"jeNaTahu":true}],"hrDt":{"zivoty":5,"atk":40,"def":15.0,"nazev":"Spg","pozice":{"x":-10.527923583984375,"y":-16.634183883666993,"z":16.817949295043947},"rotace":{"x":0.0,"y":120.67251586914063,"z":0.0}},"sceneJm":"3d pokus2","pocetZivotu":3}